datetime,actual,predicted,error
2025-11-07 09:00:00,1.08,1.07,0.01
2025-11-07 10:00:00,0.89,0.84,0.05
2025-11-07 11:00:00,0.72,0.68,0.04
2025-11-07 12:00:00,0.6,0.56,0.04
2025-11-07 13:00:00,0.51,0.48,0.03
2025-11-07 14:00:00,0.49,0.44,0.05
2025-11-07 15:00:00,0.58,0.54,0.05
2025-11-07 16:00:00,0.74,0.74,-0.0
2025-11-07 17:00:00,0.85,0.85,0.0
2025-11-07 18:00:00,0.87,0.89,-0.02
2025-11-07 19:00:00,0.84,0.83,0.01
2025-11-07 20:00:00,0.79,0.79,0.0
2025-11-07 21:00:00,0.74,0.71,0.04
2025-11-07 22:00:00,0.69,0.67,0.01
2025-11-07 23:00:00,0.63,0.62,0.01
2025-11-08 00:00:00,0.55,0.56,-0.0
2025-11-08 01:00:00,0.48,0.48,-0.0
2025-11-08 02:00:00,0.44,0.44,0.0
2025-11-08 03:00:00,0.4,0.44,-0.04
2025-11-08 04:00:00,0.4,0.39,0.02
2025-11-08 05:00:00,0.52,0.45,0.07
2025-11-08 06:00:00,0.91,0.79,0.11
2025-11-08 07:00:00,1.42,1.45,-0.04
2025-11-08 08:00:00,1.68,1.68,-0.0
2025-11-08 09:00:00,1.46,1.47,-0.02
2025-11-08 10:00:00,0.99,0.96,0.03
2025-11-08 11:00:00,0.62,0.6,0.02
2025-11-08 12:00:00,0.49,0.44,0.05
2025-11-08 13:00:00,0.46,0.44,0.02
2025-11-08 14:00:00,0.49,0.44,0.06
2025-11-08 15:00:00,0.59,0.58,0.02
2025-11-08 16:00:00,0.75,0.74,0.01
2025-11-08 17:00:00,0.89,0.88,0.0
2025-11-08 18:00:00,0.98,0.99,-0.01
2025-11-08 19:00:00,1.05,1.06,-0.01
2025-11-08 20:00:00,1.07,1.09,-0.03
2025-11-08 21:00:00,1.02,0.99,0.02
2025-11-08 22:00:00,0.92,0.9,0.01
2025-11-08 23:00:00,0.82,0.81,0.0
2025-11-09 00:00:00,0.72,0.71,0.01
2025-11-09 01:00:00,0.62,0.61,0.01
2025-11-09 02:00:00,0.55,0.54,0.02
2025-11-09 03:00:00,0.52,0.55,-0.04
2025-11-09 04:00:00,0.53,0.5,0.02
2025-11-09 05:00:00,0.63,0.56,0.07
2025-11-09 06:00:00,0.96,0.88,0.08
2025-11-09 07:00:00,1.38,1.41,-0.03
2025-11-09 08:00:00,1.6,1.6,0.0
2025-11-09 09:00:00,1.41,1.42,-0.01
2025-11-09 10:00:00,1.02,0.98,0.03
2025-11-09 11:00:00,0.7,0.68,0.02
2025-11-09 12:00:00,0.54,0.51,0.04
2025-11-09 13:00:00,0.46,0.45,0.01
2025-11-09 14:00:00,0.47,0.41,0.06
2025-11-09 15:00:00,0.61,0.58,0.04
2025-11-09 16:00:00,0.84,0.85,-0.01
2025-11-09 17:00:00,1.01,1.02,-0.01
2025-11-09 18:00:00,1.07,1.11,-0.04
2025-11-09 19:00:00,1.07,1.07,0.0
2025-11-09 20:00:00,1.06,1.06,-0.0
2025-11-09 21:00:00,1.04,0.99,0.05
2025-11-09 22:00:00,0.99,0.98,0.01
2025-11-09 23:00:00,0.94,0.93,0.0
2025-11-10 00:00:00,0.85,0.84,0.01
2025-11-10 01:00:00,0.75,0.72,0.03
2025-11-10 02:00:00,0.69,0.66,0.02
2025-11-10 03:00:00,0.64,0.68,-0.04
2025-11-10 04:00:00,0.63,0.59,0.04
2025-11-10 05:00:00,0.76,0.67,0.09
2025-11-10 06:00:00,1.18,1.08,0.1
2025-11-10 07:00:00,1.74,1.77,-0.03
2025-11-10 08:00:00,2.03,2.03,0.01
2025-11-10 09:00:00,1.8,1.82,-0.03
2025-11-10 10:00:00,1.28,1.25,0.03
2025-11-10 11:00:00,0.87,0.84,0.03
2025-11-10 12:00:00,0.66,0.62,0.04
2025-11-10 13:00:00,0.55,0.53,0.02
2025-11-10 14:00:00,0.55,0.48,0.07
2025-11-10 15:00:00,0.72,0.71,0.01
2025-11-10 16:00:00,1.0,0.99,0.01
2025-11-10 17:00:00,1.29,1.26,0.03
2025-11-10 18:00:00,1.59,1.56,0.03
2025-11-10 19:00:00,1.9,1.89,0.01
2025-11-10 20:00:00,2.07,2.09,-0.02
2025-11-10 21:00:00,2.03,2.01,0.02
2025-11-10 22:00:00,1.85,1.84,0.02
2025-11-10 23:00:00,1.64,1.65,-0.01
2025-11-11 00:00:00,1.37,1.41,-0.04
2025-11-11 01:00:00,1.06,1.06,0.0
2025-11-11 02:00:00,0.84,0.81,0.03
2025-11-11 03:00:00,0.72,0.8,-0.07
2025-11-11 04:00:00,0.69,0.67,0.02
2025-11-11 05:00:00,0.8,0.7,0.1
2025-11-11 06:00:00,1.2,1.13,0.07
2025-11-11 07:00:00,1.75,1.78,-0.02
2025-11-11 08:00:00,2.03,2.02,0.01
2025-11-11 09:00:00,1.79,1.79,-0.0
2025-11-11 10:00:00,1.28,1.24,0.04
2025-11-11 11:00:00,0.86,0.83,0.03
2025-11-11 12:00:00,0.67,0.61,0.06
2025-11-11 13:00:00,0.57,0.56,0.02
2025-11-11 14:00:00,0.56,0.51,0.05
2025-11-11 15:00:00,0.67,0.65,0.02
2025-11-11 16:00:00,0.87,0.87,-0.01
2025-11-11 17:00:00,1.02,1.04,-0.02
2025-11-11 18:00:00,1.1,1.14,-0.04
2025-11-11 19:00:00,1.13,1.13,-0.0
2025-11-11 20:00:00,1.13,1.14,-0.02
2025-11-11 21:00:00,1.07,1.03,0.04
2025-11-11 22:00:00,0.98,0.96,0.02
2025-11-11 23:00:00,0.89,0.88,0.01
2025-11-12 00:00:00,0.79,0.78,0.02
2025-11-12 01:00:00,0.7,0.68,0.02
2025-11-12 02:00:00,0.65,0.63,0.02
2025-11-12 03:00:00,0.63,0.66,-0.03
2025-11-12 04:00:00,0.65,0.62,0.03
2025-11-12 05:00:00,0.77,0.72,0.05
2025-11-12 06:00:00,1.08,1.01,0.07
2025-11-12 07:00:00,1.48,1.5,-0.03
2025-11-12 08:00:00,1.68,1.68,0.01
2025-11-12 09:00:00,1.52,1.51,0.01
2025-11-12 10:00:00,1.17,1.12,0.05
2025-11-12 11:00:00,0.87,0.84,0.03
2025-11-12 12:00:00,0.69,0.65,0.04
2025-11-12 13:00:00,0.56,0.54,0.02
2025-11-12 14:00:00,0.51,0.46,0.05
2025-11-12 15:00:00,0.59,0.57,0.02
2025-11-12 16:00:00,0.76,0.75,0.01
2025-11-12 17:00:00,0.9,0.89,0.01
2025-11-12 18:00:00,0.99,1.03,-0.04
2025-11-12 19:00:00,1.06,1.05,0.01
2025-11-12 20:00:00,1.09,1.1,-0.01
2025-11-12 21:00:00,1.07,1.05,0.01
2025-11-12 22:00:00,1.01,1.01,0.01
2025-11-12 23:00:00,0.97,0.96,0.0
2025-11-13 00:00:00,0.93,0.92,0.01
2025-11-13 01:00:00,0.91,0.91,0.0
2025-11-13 02:00:00,0.89,0.88,0.01
2025-11-13 03:00:00,0.86,0.9,-0.04
2025-11-13 04:00:00,0.84,0.8,0.04
2025-11-13 05:00:00,0.93,0.88,0.06
2025-11-13 06:00:00,1.27,1.18,0.09
2025-11-13 07:00:00,1.72,1.74,-0.02
2025-11-13 08:00:00,1.94,1.94,0.0
2025-11-13 09:00:00,1.74,1.75,-0.01
2025-11-13 10:00:00,1.31,1.27,0.04
2025-11-13 11:00:00,0.95,0.92,0.03
2025-11-13 12:00:00,0.74,0.71,0.03
2025-11-13 13:00:00,0.61,0.6,0.01
2025-11-13 14:00:00,0.57,0.53,0.05
2025-11-13 15:00:00,0.7,0.68,0.02
2025-11-13 16:00:00,0.92,0.94,-0.02
2025-11-13 17:00:00,1.1,1.13,-0.03
2025-11-13 18:00:00,1.17,1.22,-0.05
2025-11-13 19:00:00,1.2,1.21,-0.01
2025-11-13 20:00:00,1.2,1.21,-0.01
2025-11-13 21:00:00,1.14,1.11,0.03
2025-11-13 22:00:00,1.05,1.04,0.01
2025-11-13 23:00:00,0.96,0.95,0.01
2025-11-14 00:00:00,0.88,0.86,0.01
2025-11-14 01:00:00,0.79,0.77,0.02
2025-11-14 02:00:00,0.73,0.72,0.02
2025-11-14 03:00:00,0.69,0.73,-0.04
2025-11-14 04:00:00,0.68,0.64,0.03
2025-11-14 05:00:00,0.78,0.71,0.06
2025-11-14 06:00:00,1.14,1.06,0.08
2025-11-14 07:00:00,1.61,1.63,-0.02
2025-11-14 08:00:00,1.85,1.85,0.0
2025-11-14 09:00:00,1.65,1.66,-0.01
2025-11-14 10:00:00,1.22,1.19,0.04
2025-11-14 11:00:00,0.87,0.84,0.03
2025-11-14 12:00:00,0.69,0.65,0.04
2025-11-14 13:00:00,0.59,0.57,0.02
2025-11-14 14:00:00,0.57,0.52,0.06
2025-11-14 15:00:00,0.7,0.68,0.02
2025-11-14 16:00:00,0.91,0.92,-0.01
2025-11-14 17:00:00,1.1,1.11,-0.01
2025-11-14 18:00:00,1.21,1.25,-0.04
2025-11-14 19:00:00,1.29,1.3,-0.01
2025-11-14 20:00:00,1.32,1.32,-0.01
2025-11-14 21:00:00,1.26,1.24,0.02
2025-11-14 22:00:00,1.16,1.16,0.0
2025-11-14 23:00:00,1.04,1.04,-0.0
2025-11-15 00:00:00,0.91,0.9,0.0
2025-11-15 01:00:00,0.76,0.74,0.02
2025-11-15 02:00:00,0.66,0.64,0.02
2025-11-15 03:00:00,0.62,0.67,-0.05
2025-11-15 04:00:00,0.63,0.59,0.03
2025-11-15 05:00:00,0.77,0.68,0.08
2025-11-15 06:00:00,1.2,1.11,0.09
2025-11-15 07:00:00,1.77,1.79,-0.02
2025-11-15 08:00:00,2.06,2.05,0.01
2025-11-15 09:00:00,1.82,1.83,-0.01
2025-11-15 10:00:00,1.31,1.27,0.04
2025-11-15 11:00:00,0.89,0.86,0.03
2025-11-15 12:00:00,0.68,0.64,0.04
2025-11-15 13:00:00,0.56,0.55,0.01
2025-11-15 14:00:00,0.55,0.49,0.06
2025-11-15 15:00:00,0.71,0.67,0.04
2025-11-15 16:00:00,0.97,1.0,-0.03
2025-11-15 17:00:00,1.16,1.19,-0.03
2025-11-15 18:00:00,1.18,1.25,-0.07
2025-11-15 19:00:00,1.12,1.12,-0.0
2025-11-15 20:00:00,1.05,1.05,0.0
2025-11-15 21:00:00,1.01,0.98,0.03
2025-11-15 22:00:00,0.97,0.96,0.0
2025-11-15 23:00:00,0.91,0.91,0.01
2025-11-16 00:00:00,0.83,0.84,-0.0
2025-11-16 01:00:00,0.74,0.72,0.02
2025-11-16 02:00:00,0.68,0.66,0.01
2025-11-16 03:00:00,0.62,0.67,-0.05
2025-11-16 04:00:00,0.59,0.56,0.02
2025-11-16 05:00:00,0.69,0.61,0.08
2025-11-16 06:00:00,1.11,1.02,0.1
2025-11-16 07:00:00,1.68,1.7,-0.02
2025-11-16 08:00:00,1.97,1.95,0.02
2025-11-16 09:00:00,1.76,1.75,0.01
2025-11-16 10:00:00,1.28,1.23,0.05
2025-11-16 11:00:00,0.89,0.85,0.04
2025-11-16 12:00:00,0.69,0.64,0.06
2025-11-16 13:00:00,0.59,0.56,0.03
2025-11-16 14:00:00,0.57,0.51,0.07
2025-11-16 15:00:00,0.72,0.67,0.04
2025-11-16 16:00:00,0.95,0.97,-0.02
2025-11-16 17:00:00,1.11,1.14,-0.03
2025-11-16 18:00:00,1.11,1.18,-0.07
2025-11-16 19:00:00,1.04,1.04,-0.0
2025-11-16 20:00:00,0.97,0.97,0.0
2025-11-16 21:00:00,0.94,0.9,0.04
2025-11-16 22:00:00,0.9,0.89,0.01
2025-11-16 23:00:00,0.86,0.84,0.02
2025-11-17 00:00:00,0.78,0.78,-0.0
2025-11-17 01:00:00,0.69,0.68,0.01
2025-11-17 02:00:00,0.64,0.62,0.02
2025-11-17 03:00:00,0.59,0.65,-0.05
2025-11-17 04:00:00,0.58,0.55,0.03
2025-11-17 05:00:00,0.71,0.61,0.1
2025-11-17 06:00:00,1.18,1.06,0.12
2025-11-17 07:00:00,1.8,1.8,-0.0
2025-11-17 08:00:00,2.12,2.09,0.03
2025-11-17 09:00:00,1.89,1.89,0.01
2025-11-17 10:00:00,1.37,1.31,0.06
2025-11-17 11:00:00,0.95,0.91,0.04
2025-11-17 12:00:00,0.74,0.7,0.04
2025-11-17 13:00:00,0.62,0.59,0.02
2025-11-17 14:00:00,0.64,0.55,0.09
2025-11-17 15:00:00,0.88,0.87,0.01
2025-11-17 16:00:00,1.27,1.27,-0.0
2025-11-17 17:00:00,1.63,1.59,0.04
2025-11-17 18:00:00,1.9,1.92,-0.02
2025-11-17 19:00:00,2.15,2.09,0.06
2025-11-17 20:00:00,2.43,2.35,0.08
2025-11-17 21:00:00,2.81,2.6,0.21
2025-11-17 22:00:00,3.17,2.97,0.2
2025-11-17 23:00:00,3.17,3.12,0.04
2025-11-18 00:00:00,3.17,2.87,0.3
2025-11-18 01:00:00,3.17,3.0,0.17
2025-11-18 02:00:00,3.17,3.0,0.17
2025-11-18 03:00:00,3.17,3.02,0.15
2025-11-18 04:00:00,3.0,2.98,0.03
2025-11-18 05:00:00,2.93,2.77,0.17
2025-11-18 06:00:00,3.17,2.83,0.34
2025-11-18 07:00:00,3.17,3.15,0.02
2025-11-18 08:00:00,3.17,2.91,0.26
2025-11-18 09:00:00,3.11,2.97,0.14
2025-11-18 10:00:00,2.02,2.78,-0.76
2025-11-18 11:00:00,1.18,0.94,0.24
2025-11-18 12:00:00,0.85,0.75,0.09
2025-11-18 13:00:00,0.76,1.07,-0.31
2025-11-18 14:00:00,0.77,0.52,0.25
2025-11-18 15:00:00,0.85,1.12,-0.27
2025-11-18 16:00:00,1.02,1.09,-0.07
2025-11-18 17:00:00,1.26,1.1,0.16
2025-11-18 18:00:00,1.58,1.67,-0.09
2025-11-18 19:00:00,1.97,1.91,0.06
2025-11-18 20:00:00,2.36,2.25,0.11
2025-11-18 21:00:00,2.79,2.56,0.24
2025-11-18 22:00:00,3.17,2.98,0.19
2025-11-18 23:00:00,3.17,3.11,0.05
2025-11-19 00:00:00,3.17,2.84,0.33
2025-11-19 01:00:00,2.73,2.98,-0.24
2025-11-19 02:00:00,2.31,2.09,0.22
2025-11-19 03:00:00,1.97,2.13,-0.16
2025-11-19 04:00:00,1.67,1.65,0.02
2025-11-19 05:00:00,1.63,1.53,0.1
2025-11-19 06:00:00,2.12,1.88,0.24
2025-11-19 07:00:00,2.87,2.8,0.07
2025-11-19 08:00:00,3.17,3.11,0.06
2025-11-19 09:00:00,2.7,2.88,-0.18
2025-11-19 10:00:00,1.78,1.88,-0.1
2025-11-19 11:00:00,1.05,0.99,0.06
2025-11-19 12:00:00,0.73,0.68,0.05
2025-11-19 13:00:00,0.6,0.62,-0.02
2025-11-19 14:00:00,0.61,0.57,0.04
2025-11-19 15:00:00,0.8,0.83,-0.03
2025-11-19 16:00:00,1.13,1.15,-0.01
2025-11-19 17:00:00,1.44,1.47,-0.03
2025-11-19 18:00:00,1.65,1.69,-0.04
2025-11-19 19:00:00,1.84,1.76,0.07
2025-11-19 20:00:00,2.07,2.0,0.07
2025-11-19 21:00:00,2.44,2.26,0.18
2025-11-19 22:00:00,2.86,2.71,0.15
2025-11-19 23:00:00,3.14,2.97,0.17
2025-11-20 00:00:00,3.17,3.05,0.12
2025-11-20 01:00:00,3.13,2.92,0.2
2025-11-20 02:00:00,3.01,2.96,0.06
2025-11-20 03:00:00,2.81,2.8,0.01
2025-11-20 04:00:00,2.57,2.61,-0.05
2025-11-20 05:00:00,2.49,2.36,0.13
2025-11-20 06:00:00,2.84,2.62,0.21
2025-11-20 07:00:00,3.17,3.12,0.05
2025-11-20 08:00:00,3.17,3.11,0.06
2025-11-20 09:00:00,2.94,2.89,0.05
2025-11-20 10:00:00,2.02,2.56,-0.54
2025-11-20 11:00:00,1.3,1.08,0.22
2025-11-20 12:00:00,1.0,0.96,0.04
2025-11-20 13:00:00,0.9,1.03,-0.13
2025-11-20 14:00:00,0.9,0.73,0.17
2025-11-20 15:00:00,0.99,1.18,-0.18
2025-11-20 16:00:00,1.2,1.19,0.0
2025-11-20 17:00:00,1.49,1.41,0.08
2025-11-20 18:00:00,1.92,1.89,0.02
2025-11-20 19:00:00,2.44,2.34,0.1
2025-11-20 20:00:00,2.93,2.75,0.19
2025-11-20 21:00:00,3.17,3.05,0.12
2025-11-20 22:00:00,3.17,3.06,0.11
2025-11-20 23:00:00,3.17,2.99,0.18
2025-11-21 00:00:00,3.17,3.03,0.14
2025-11-21 01:00:00,3.17,3.02,0.14
2025-11-21 02:00:00,3.17,3.04,0.13
2025-11-21 03:00:00,3.17,3.03,0.14
2025-11-21 04:00:00,3.17,3.04,0.13
2025-11-21 05:00:00,3.17,3.02,0.15
2025-11-21 06:00:00,3.17,3.0,0.17
2025-11-21 07:00:00,3.17,2.99,0.18
2025-11-21 08:00:00,3.17,2.98,0.19
2025-11-21 09:00:00,2.85,2.93,-0.09
2025-11-21 10:00:00,1.72,2.36,-0.63
2025-11-21 11:00:00,0.9,0.66,0.24
2025-11-21 12:00:00,0.62,0.64,-0.02
2025-11-21 13:00:00,0.63,0.76,-0.13
2025-11-21 14:00:00,0.77,0.54,0.23
2025-11-21 15:00:00,1.05,1.23,-0.18
2025-11-21 16:00:00,1.46,1.48,-0.02
2025-11-21 17:00:00,1.79,1.76,0.03
2025-11-21 18:00:00,1.93,2.04,-0.11
2025-11-21 19:00:00,2.0,2.0,0.0
2025-11-21 20:00:00,2.07,2.04,0.02
2025-11-21 21:00:00,2.16,2.07,0.09
2025-11-21 22:00:00,2.25,2.22,0.03
2025-11-21 23:00:00,2.34,2.29,0.05
2025-11-22 00:00:00,2.46,2.39,0.08
2025-11-22 01:00:00,2.59,2.54,0.05
2025-11-22 02:00:00,2.62,2.63,-0.01
2025-11-22 03:00:00,2.42,2.56,-0.14
2025-11-22 04:00:00,2.12,2.12,0.0
2025-11-22 05:00:00,2.03,1.9,0.13
2025-11-22 06:00:00,2.44,2.17,0.27
2025-11-22 07:00:00,3.06,2.91,0.15
2025-11-22 08:00:00,3.17,3.17,-0.0
2025-11-22 09:00:00,2.66,2.8,-0.14
2025-11-22 10:00:00,1.65,1.89,-0.24
2025-11-22 11:00:00,0.88,0.75,0.13
2025-11-22 12:00:00,0.62,0.54,0.07
2025-11-22 13:00:00,0.6,0.66,-0.07
2025-11-22 14:00:00,0.67,0.61,0.06
2025-11-22 15:00:00,0.79,0.88,-0.08
2025-11-22 16:00:00,1.01,0.98,0.04
2025-11-22 17:00:00,1.3,1.32,-0.02
2025-11-22 18:00:00,1.71,1.67,0.05
2025-11-22 19:00:00,2.2,2.14,0.05
2025-11-22 20:00:00,2.57,2.54,0.03
2025-11-22 21:00:00,2.78,2.67,0.11
2025-11-22 22:00:00,2.87,2.77,0.09
2025-11-22 23:00:00,2.83,2.81,0.02
2025-11-23 00:00:00,2.61,2.68,-0.07
2025-11-23 01:00:00,2.26,2.3,-0.04
2025-11-23 02:00:00,1.97,1.93,0.04
2025-11-23 03:00:00,1.73,1.81,-0.07
2025-11-23 04:00:00,1.55,1.57,-0.02
2025-11-23 05:00:00,1.59,1.46,0.13
2025-11-23 06:00:00,2.08,1.92,0.16
2025-11-23 07:00:00,2.79,2.74,0.06
2025-11-23 08:00:00,3.13,3.03,0.1
2025-11-23 09:00:00,2.72,2.9,-0.18
2025-11-23 10:00:00,1.93,1.93,0.01
2025-11-23 11:00:00,1.28,1.24,0.04
2025-11-23 12:00:00,0.93,0.91,0.02
2025-11-23 13:00:00,0.71,0.74,-0.03
2025-11-23 14:00:00,0.63,0.62,0.01
2025-11-23 15:00:00,0.72,0.77,-0.05
2025-11-23 16:00:00,0.95,0.95,0.01
2025-11-23 17:00:00,1.22,1.24,-0.02
2025-11-23 18:00:00,1.57,1.55,0.02
2025-11-23 19:00:00,1.95,1.92,0.03
2025-11-23 20:00:00,2.19,2.19,0.0
2025-11-23 21:00:00,2.19,2.17,0.03
2025-11-23 22:00:00,2.05,2.01,0.04
2025-11-23 23:00:00,1.92,1.88,0.04
2025-11-24 00:00:00,1.85,1.79,0.06
2025-11-24 01:00:00,1.78,1.76,0.02
2025-11-24 02:00:00,1.71,1.7,0.02
2025-11-24 03:00:00,1.58,1.66,-0.08
2025-11-24 04:00:00,1.44,1.39,0.05
2025-11-24 05:00:00,1.46,1.38,0.09
2025-11-24 06:00:00,1.88,1.71,0.17
2025-11-24 07:00:00,2.46,2.44,0.02
2025-11-24 08:00:00,2.72,2.71,0.01
2025-11-24 09:00:00,2.35,2.54,-0.19
2025-11-24 10:00:00,1.66,1.64,0.03
2025-11-24 11:00:00,1.11,1.06,0.05
2025-11-24 12:00:00,0.87,0.82,0.05
2025-11-24 13:00:00,0.77,0.79,-0.01
2025-11-24 14:00:00,0.78,0.75,0.03
2025-11-24 15:00:00,0.89,0.93,-0.04
2025-11-24 16:00:00,1.11,1.12,-0.01
2025-11-24 17:00:00,1.37,1.36,0.01
2025-11-24 18:00:00,1.7,1.63,0.07
2025-11-24 19:00:00,2.07,2.05,0.02
2025-11-24 20:00:00,2.29,2.32,-0.02
2025-11-24 21:00:00,2.26,2.25,0.01
2025-11-24 22:00:00,2.07,2.06,0.01
2025-11-24 23:00:00,1.85,1.86,-0.01
2025-11-25 00:00:00,1.62,1.64,-0.02
2025-11-25 01:00:00,1.35,1.37,-0.02
2025-11-25 02:00:00,1.16,1.14,0.02
2025-11-25 03:00:00,1.05,1.14,-0.09
2025-11-25 04:00:00,1.01,1.01,0.01
2025-11-25 05:00:00,1.11,1.03,0.08
2025-11-25 06:00:00,1.51,1.38,0.12
2025-11-25 07:00:00,2.04,2.05,-0.01
2025-11-25 08:00:00,2.29,2.29,-0.0
2025-11-25 09:00:00,2.0,2.05,-0.05
2025-11-25 10:00:00,1.44,1.39,0.04
2025-11-25 11:00:00,0.99,0.94,0.04
2025-11-25 12:00:00,0.79,0.73,0.07
2025-11-25 13:00:00,0.72,0.7,0.01
2025-11-25 14:00:00,0.73,0.67,0.06
2025-11-25 15:00:00,0.86,0.87,-0.0
2025-11-25 16:00:00,1.09,1.11,-0.02
2025-11-25 17:00:00,1.3,1.3,-0.0
2025-11-25 18:00:00,1.46,1.44,0.02
2025-11-25 19:00:00,1.6,1.59,0.02
2025-11-25 20:00:00,1.68,1.67,0.01
2025-11-25 21:00:00,1.66,1.61,0.05
2025-11-25 22:00:00,1.58,1.55,0.04
2025-11-25 23:00:00,1.48,1.47,0.02
2025-11-26 00:00:00,1.37,1.36,0.01
2025-11-26 01:00:00,1.23,1.22,0.01
2025-11-26 02:00:00,1.14,1.12,0.02
2025-11-26 03:00:00,1.08,1.16,-0.08
2025-11-26 04:00:00,1.06,1.03,0.03
2025-11-26 05:00:00,1.19,1.11,0.09
2025-11-26 06:00:00,1.68,1.51,0.17
2025-11-26 07:00:00,2.31,2.3,0.02
2025-11-26 08:00:00,2.62,2.6,0.02
2025-11-26 09:00:00,2.29,2.43,-0.14
2025-11-26 10:00:00,1.63,1.58,0.04
2025-11-26 11:00:00,1.11,1.04,0.07
2025-11-26 12:00:00,0.92,0.84,0.08
2025-11-26 13:00:00,0.87,0.88,-0.01
2025-11-26 14:00:00,0.9,0.88,0.02
2025-11-26 15:00:00,1.0,1.05,-0.04
2025-11-26 16:00:00,1.18,1.21,-0.03
2025-11-26 17:00:00,1.33,1.37,-0.05
2025-11-26 18:00:00,1.35,1.42,-0.06
2025-11-26 19:00:00,1.35,1.31,0.04
2025-11-26 20:00:00,1.47,1.41,0.06
2025-11-26 21:00:00,1.84,1.69,0.15
2025-11-26 22:00:00,2.33,2.29,0.04
2025-11-26 23:00:00,2.71,2.63,0.07
2025-11-27 00:00:00,2.88,2.78,0.09
2025-11-27 01:00:00,2.93,2.81,0.12
2025-11-27 02:00:00,2.93,2.85,0.07
2025-11-27 03:00:00,2.84,2.83,0.0
2025-11-27 04:00:00,2.69,2.7,-0.01
2025-11-27 05:00:00,2.64,2.57,0.07
2025-11-27 06:00:00,2.9,2.66,0.24
2025-11-27 07:00:00,3.17,3.04,0.13
2025-11-27 08:00:00,3.17,3.09,0.08
2025-11-27 09:00:00,2.71,2.89,-0.18
2025-11-27 10:00:00,1.79,2.05,-0.25
2025-11-27 11:00:00,1.1,0.98,0.12
2025-11-27 12:00:00,0.84,0.75,0.09
2025-11-27 13:00:00,0.81,0.95,-0.13
2025-11-27 14:00:00,0.88,0.82,0.07
2025-11-27 15:00:00,1.07,1.11,-0.04
2025-11-27 16:00:00,1.36,1.42,-0.06
2025-11-27 17:00:00,1.58,1.61,-0.03
2025-11-27 18:00:00,1.68,1.68,-0.01
2025-11-27 19:00:00,1.7,1.7,0.0
2025-11-27 20:00:00,1.68,1.7,-0.02
2025-11-27 21:00:00,1.61,1.59,0.03
2025-11-27 22:00:00,1.5,1.49,0.01
2025-11-27 23:00:00,1.41,1.4,0.01
2025-11-28 00:00:00,1.35,1.35,0.0
2025-11-28 01:00:00,1.31,1.31,0.0
2025-11-28 02:00:00,1.29,1.28,0.01
2025-11-28 03:00:00,1.23,1.29,-0.06
2025-11-28 04:00:00,1.2,1.14,0.05
2025-11-28 05:00:00,1.29,1.2,0.09
2025-11-28 06:00:00,1.71,1.51,0.2
2025-11-28 07:00:00,2.26,2.23,0.03
2025-11-28 08:00:00,2.52,2.51,0.01
2025-11-28 09:00:00,2.23,2.32,-0.1
2025-11-28 10:00:00,1.64,1.58,0.06
2025-11-28 11:00:00,1.16,1.1,0.06
2025-11-28 12:00:00,0.92,0.87,0.06
2025-11-28 13:00:00,0.79,0.78,0.01
2025-11-28 14:00:00,0.75,0.7,0.05
2025-11-28 15:00:00,0.85,0.86,-0.01
2025-11-28 16:00:00,1.05,1.07,-0.02
2025-11-28 17:00:00,1.22,1.23,-0.02
2025-11-28 18:00:00,1.34,1.37,-0.03
2025-11-28 19:00:00,1.43,1.44,-0.0
2025-11-28 20:00:00,1.47,1.47,-0.0
2025-11-28 21:00:00,1.41,1.38,0.03
2025-11-28 22:00:00,1.29,1.27,0.02
2025-11-28 23:00:00,1.18,1.18,0.0
2025-11-29 00:00:00,1.09,1.09,-0.01
2025-11-29 01:00:00,1.0,0.98,0.02
2025-11-29 02:00:00,0.94,0.9,0.03
2025-11-29 03:00:00,0.9,0.93,-0.03
2025-11-29 04:00:00,0.89,0.85,0.04
2025-11-29 05:00:00,0.96,0.9,0.06
2025-11-29 06:00:00,1.2,1.14,0.06
2025-11-29 07:00:00,1.51,1.51,0.0
2025-11-29 08:00:00,1.68,1.66,0.02
2025-11-29 09:00:00,1.57,1.54,0.03
2025-11-29 10:00:00,1.31,1.27,0.04
2025-11-29 11:00:00,1.06,1.03,0.03
2025-11-29 12:00:00,0.86,0.83,0.03
2025-11-29 13:00:00,0.66,0.64,0.03
2025-11-29 14:00:00,0.57,0.51,0.07
2025-11-29 15:00:00,0.65,0.64,0.02
2025-11-29 16:00:00,0.84,0.82,0.01
2025-11-29 17:00:00,1.01,0.98,0.03
2025-11-29 18:00:00,1.16,1.18,-0.02
2025-11-29 19:00:00,1.3,1.31,-0.01
2025-11-29 20:00:00,1.37,1.37,-0.01
2025-11-29 21:00:00,1.32,1.3,0.02
2025-11-29 22:00:00,1.2,1.19,0.01
2025-11-29 23:00:00,1.08,1.08,-0.0
2025-11-30 00:00:00,0.96,0.95,0.01
2025-11-30 01:00:00,0.85,0.83,0.02
2025-11-30 02:00:00,0.77,0.74,0.03
2025-11-30 03:00:00,0.7,0.75,-0.05
2025-11-30 04:00:00,0.66,0.65,0.02
2025-11-30 05:00:00,0.73,0.66,0.07
2025-11-30 06:00:00,1.01,0.95,0.06
2025-11-30 07:00:00,1.4,1.43,-0.03
2025-11-30 08:00:00,1.61,1.61,-0.0
2025-11-30 09:00:00,1.5,1.48,0.02
2025-11-30 10:00:00,1.22,1.18,0.04
2025-11-30 11:00:00,0.97,0.94,0.03
2025-11-30 12:00:00,0.79,0.74,0.05
2025-11-30 13:00:00,0.63,0.6,0.04
2025-11-30 14:00:00,0.57,0.51,0.06
2025-11-30 15:00:00,0.64,0.61,0.03
2025-11-30 16:00:00,0.81,0.79,0.01
2025-11-30 17:00:00,0.95,0.93,0.02
2025-11-30 18:00:00,1.04,1.05,-0.02
2025-11-30 19:00:00,1.1,1.12,-0.02
2025-11-30 20:00:00,1.14,1.16,-0.02
2025-11-30 21:00:00,1.12,1.11,0.01
2025-11-30 22:00:00,1.07,1.07,0.0
2025-11-30 23:00:00,1.0,1.01,-0.01
2025-12-01 00:00:00,0.9,0.91,-0.01
2025-12-01 01:00:00,0.77,0.75,0.02
2025-12-01 02:00:00,0.71,0.67,0.04
2025-12-01 03:00:00,0.65,0.75,-0.1
2025-12-01 04:00:00,0.65,0.57,0.08
2025-12-01 05:00:00,0.95,0.75,0.21
2025-12-01 06:00:00,1.96,1.64,0.32
2025-12-01 07:00:00,3.17,2.89,0.28
2025-12-01 08:00:00,3.17,3.3,-0.14
2025-12-01 09:00:00,3.17,2.33,0.84
2025-12-01 10:00:00,2.4,2.83,-0.43
2025-12-01 11:00:00,1.5,1.63,-0.13
2025-12-01 12:00:00,1.07,0.83,0.24
2025-12-01 13:00:00,0.83,1.03,-0.2
2025-12-01 14:00:00,0.73,0.69,0.04
2025-12-01 15:00:00,0.8,0.74,0.06
2025-12-01 16:00:00,1.01,1.17,-0.16
2025-12-01 17:00:00,1.26,1.25,0.01
2025-12-01 18:00:00,1.52,1.49,0.03
2025-12-01 19:00:00,1.81,1.83,-0.02
2025-12-01 20:00:00,2.09,2.06,0.03
2025-12-01 21:00:00,2.4,2.25,0.15
2025-12-01 22:00:00,2.69,2.61,0.08
2025-12-01 23:00:00,2.81,2.78,0.03
2025-12-02 00:00:00,2.62,2.69,-0.07
2025-12-02 01:00:00,2.24,2.28,-0.03
2025-12-02 02:00:00,1.93,1.89,0.04
2025-12-02 03:00:00,1.71,1.74,-0.03
2025-12-02 04:00:00,1.54,1.55,-0.0
2025-12-02 05:00:00,1.56,1.45,0.11
2025-12-02 06:00:00,1.97,1.77,0.2
2025-12-02 07:00:00,2.56,2.51,0.05
2025-12-02 08:00:00,2.83,2.82,0.01
2025-12-02 09:00:00,2.47,2.69,-0.22
2025-12-02 10:00:00,1.79,1.79,0.0
2025-12-02 11:00:00,1.24,1.17,0.07
2025-12-02 12:00:00,0.99,0.92,0.07
2025-12-02 13:00:00,0.87,0.88,-0.01
2025-12-02 14:00:00,0.83,0.81,0.02
2025-12-02 15:00:00,0.86,0.91,-0.05
2025-12-02 16:00:00,0.96,0.96,-0.0
2025-12-02 17:00:00,1.07,1.1,-0.03
2025-12-02 18:00:00,1.18,1.23,-0.04
2025-12-02 19:00:00,1.3,1.28,0.02
2025-12-02 20:00:00,1.38,1.37,0.0
2025-12-02 21:00:00,1.4,1.35,0.05
2025-12-02 22:00:00,1.39,1.37,0.02
2025-12-02 23:00:00,1.33,1.35,-0.02
2025-12-03 00:00:00,1.18,1.22,-0.04
2025-12-03 01:00:00,0.99,0.97,0.02
2025-12-03 02:00:00,0.86,0.82,0.03
2025-12-03 03:00:00,0.82,0.86,-0.04
2025-12-03 04:00:00,0.85,0.83,0.02
2025-12-03 05:00:00,0.99,0.92,0.07
2025-12-03 06:00:00,1.38,1.27,0.11
2025-12-03 07:00:00,1.89,1.91,-0.02
2025-12-03 08:00:00,2.13,2.15,-0.02
2025-12-03 09:00:00,1.87,1.91,-0.04
2025-12-03 10:00:00,1.34,1.32,0.02
2025-12-03 11:00:00,0.92,0.88,0.04
2025-12-03 12:00:00,0.72,0.68,0.04
2025-12-03 13:00:00,0.64,0.62,0.01
2025-12-03 14:00:00,0.63,0.58,0.05
2025-12-03 15:00:00,0.73,0.73,-0.0
2025-12-03 16:00:00,0.92,0.93,-0.01
2025-12-03 17:00:00,1.08,1.11,-0.02
2025-12-03 18:00:00,1.19,1.21,-0.02
2025-12-03 19:00:00,1.27,1.27,0.0
2025-12-03 20:00:00,1.31,1.31,-0.0
2025-12-03 21:00:00,1.28,1.26,0.03
2025-12-03 22:00:00,1.22,1.21,0.0
2025-12-03 23:00:00,1.14,1.15,-0.01
2025-12-04 00:00:00,1.06,1.07,-0.0
2025-12-04 01:00:00,0.98,0.98,0.0
2025-12-04 02:00:00,0.93,0.92,0.01
2025-12-04 03:00:00,0.9,0.94,-0.04
2025-12-04 04:00:00,0.9,0.88,0.02
2025-12-04 05:00:00,0.97,0.93,0.04
2025-12-04 06:00:00,1.2,1.16,0.04
2025-12-04 07:00:00,1.51,1.53,-0.02
2025-12-04 08:00:00,1.66,1.67,-0.0
2025-12-04 09:00:00,1.54,1.52,0.02
2025-12-04 10:00:00,1.27,1.24,0.03
2025-12-04 11:00:00,1.03,1.0,0.03
2025-12-04 12:00:00,0.87,0.82,0.05
2025-12-04 13:00:00,0.73,0.7,0.03
2025-12-04 14:00:00,0.68,0.63,0.05
2025-12-04 15:00:00,0.76,0.75,0.01
2025-12-04 16:00:00,0.92,0.93,-0.0
2025-12-04 17:00:00,1.09,1.08,0.01
2025-12-04 18:00:00,1.25,1.24,0.01
2025-12-04 19:00:00,1.42,1.44,-0.02
2025-12-04 20:00:00,1.49,1.51,-0.02
2025-12-04 21:00:00,1.41,1.4,0.0
2025-12-04 22:00:00,1.23,1.23,-0.0
2025-12-04 23:00:00,1.08,1.07,0.01
2025-12-05 00:00:00,1.0,0.98,0.02
2025-12-05 01:00:00,0.94,0.94,-0.01
2025-12-05 02:00:00,0.9,0.88,0.02
2025-12-05 03:00:00,0.86,0.92,-0.06
2025-12-05 04:00:00,0.84,0.81,0.04
2025-12-05 05:00:00,0.96,0.89,0.07
2025-12-05 06:00:00,1.38,1.26,0.12
2025-12-05 07:00:00,1.93,1.95,-0.02
2025-12-05 08:00:00,2.22,2.24,-0.03
2025-12-05 09:00:00,1.97,2.03,-0.06
2025-12-05 10:00:00,1.45,1.39,0.05
2025-12-05 11:00:00,1.03,0.97,0.06
2025-12-05 12:00:00,0.86,0.79,0.07
2025-12-05 13:00:00,0.79,0.78,0.01
2025-12-05 14:00:00,0.8,0.75,0.05
2025-12-05 15:00:00,0.94,0.95,-0.01
2025-12-05 16:00:00,1.16,1.19,-0.03
2025-12-05 17:00:00,1.34,1.35,-0.01
2025-12-05 18:00:00,1.44,1.44,0.01
2025-12-05 19:00:00,1.51,1.5,0.01
2025-12-05 20:00:00,1.51,1.51,-0.0
2025-12-05 21:00:00,1.43,1.4,0.03
2025-12-05 22:00:00,1.28,1.27,0.01
2025-12-05 23:00:00,1.14,1.15,-0.01
2025-12-06 00:00:00,1.01,1.03,-0.01
2025-12-06 01:00:00,0.89,0.89,0.0
2025-12-06 02:00:00,0.8,0.79,0.01
2025-12-06 03:00:00,0.75,0.79,-0.05
2025-12-06 04:00:00,0.72,0.71,0.01
2025-12-06 05:00:00,0.77,0.73,0.04
2025-12-06 06:00:00,0.97,0.93,0.03
2025-12-06 07:00:00,1.23,1.26,-0.03
2025-12-06 08:00:00,1.38,1.38,0.0
2025-12-06 09:00:00,1.33,1.29,0.03
2025-12-06 10:00:00,1.16,1.12,0.04
2025-12-06 11:00:00,1.02,0.98,0.03
2025-12-06 12:00:00,0.92,0.85,0.07
2025-12-06 13:00:00,0.83,0.78,0.05
2025-12-06 14:00:00,0.79,0.73,0.06
2025-12-06 15:00:00,0.83,0.79,0.03
2025-12-06 16:00:00,0.9,0.9,0.0
2025-12-06 17:00:00,0.96,0.96,0.0
2025-12-06 18:00:00,0.96,0.98,-0.02
2025-12-06 19:00:00,0.94,0.92,0.02
2025-12-06 20:00:00,0.92,0.9,0.02
2025-12-06 21:00:00,0.92,0.89,0.03
2025-12-06 22:00:00,0.93,0.91,0.02
2025-12-06 23:00:00,0.92,0.91,0.01
2025-12-07 00:00:00,0.88,0.87,0.01
2025-12-07 01:00:00,0.82,0.8,0.02
2025-12-07 02:00:00,0.79,0.78,0.01
2025-12-07 03:00:00,0.78,0.8,-0.01
2025-12-07 04:00:00,0.8,0.77,0.03
2025-12-07 05:00:00,0.9,0.84,0.06
2025-12-07 06:00:00,1.17,1.1,0.07
2025-12-07 07:00:00,1.51,1.51,0.01
2025-12-07 08:00:00,1.72,1.69,0.03
2025-12-07 09:00:00,1.65,1.59,0.06
2025-12-07 10:00:00,1.44,1.37,0.07
2025-12-07 11:00:00,1.24,1.22,0.02
2025-12-07 12:00:00,1.08,1.04,0.05
2025-12-07 13:00:00,0.93,0.88,0.06
2025-12-07 14:00:00,0.87,0.8,0.08
2025-12-07 15:00:00,0.97,0.94,0.03
2025-12-07 16:00:00,1.16,1.18,-0.02
2025-12-07 17:00:00,1.29,1.29,0.0
2025-12-07 18:00:00,1.33,1.35,-0.01
2025-12-07 19:00:00,1.32,1.31,0.01
2025-12-07 20:00:00,1.29,1.29,0.0
2025-12-07 21:00:00,1.24,1.22,0.02
2025-12-07 22:00:00,1.18,1.18,-0.0
2025-12-07 23:00:00,1.1,1.11,-0.01
2025-12-08 00:00:00,1.0,1.0,-0.0
2025-12-08 01:00:00,0.89,0.87,0.02
2025-12-08 02:00:00,0.81,0.79,0.02
2025-12-08 03:00:00,0.76,0.78,-0.02
2025-12-08 04:00:00,0.74,0.71,0.03
2025-12-08 05:00:00,0.8,0.75,0.05
2025-12-08 06:00:00,1.01,0.96,0.05
2025-12-08 07:00:00,1.3,1.32,-0.02
2025-12-08 08:00:00,1.46,1.46,0.01
2025-12-08 09:00:00,1.4,1.36,0.04
2025-12-08 10:00:00,1.22,1.18,0.04
2025-12-08 11:00:00,1.04,1.02,0.03
2025-12-08 12:00:00,0.9,0.84,0.06
2025-12-08 13:00:00,0.76,0.71,0.05
2025-12-08 14:00:00,0.69,0.63,0.06
2025-12-08 15:00:00,0.74,0.7,0.04
2025-12-08 16:00:00,0.86,0.85,0.01
2025-12-08 17:00:00,0.95,0.94,0.01
2025-12-08 18:00:00,0.99,1.0,-0.01
2025-12-08 19:00:00,1.01,1.01,0.0
2025-12-08 20:00:00,1.0,1.01,-0.0
2025-12-08 21:00:00,0.95,0.93,0.02
2025-12-08 22:00:00,0.87,0.85,0.02
2025-12-08 23:00:00,0.8,0.78,0.02
2025-12-09 00:00:00,0.75,0.73,0.02
2025-12-09 01:00:00,0.7,0.68,0.02
2025-12-09 02:00:00,0.68,0.66,0.02
2025-12-09 03:00:00,0.66,0.67,-0.02
2025-12-09 04:00:00,0.66,0.63,0.03
2025-12-09 05:00:00,0.72,0.67,0.05
2025-12-09 06:00:00,0.9,0.85,0.05
2025-12-09 07:00:00,1.15,1.17,-0.02
2025-12-09 08:00:00,1.3,1.29,0.01
2025-12-09 09:00:00,1.3,1.25,0.05
2025-12-09 10:00:00,1.21,1.18,0.03
2025-12-09 11:00:00,1.1,1.08,0.02
2025-12-09 12:00:00,0.96,0.91,0.05
2025-12-09 13:00:00,0.8,0.74,0.06
2025-12-09 14:00:00,0.71,0.64,0.07
2025-12-09 15:00:00,0.75,0.71,0.04
2025-12-09 16:00:00,0.85,0.83,0.02
2025-12-09 17:00:00,0.96,0.93,0.03
2025-12-09 18:00:00,1.05,1.06,-0.01
2025-12-09 19:00:00,1.14,1.14,0.0
2025-12-09 20:00:00,1.21,1.2,0.0
2025-12-09 21:00:00,1.22,1.2,0.02
2025-12-09 22:00:00,1.2,1.19,0.02
2025-12-09 23:00:00,1.17,1.17,0.0
2025-12-10 00:00:00,1.11,1.1,0.02
2025-12-10 01:00:00,1.04,1.01,0.03
2025-12-10 02:00:00,0.98,0.96,0.03
2025-12-10 03:00:00,0.95,0.96,-0.01
2025-12-10 04:00:00,0.93,0.88,0.05
2025-12-10 05:00:00,0.99,0.93,0.06
2025-12-10 06:00:00,1.24,1.17,0.07
2025-12-10 07:00:00,1.56,1.55,0.02
2025-12-10 08:00:00,1.76,1.72,0.04
2025-12-10 09:00:00,1.69,1.63,0.05
2025-12-10 10:00:00,1.48,1.42,0.07
2025-12-10 11:00:00,1.3,1.27,0.03
2025-12-10 12:00:00,1.16,1.12,0.03
2025-12-10 13:00:00,1.04,0.99,0.05
2025-12-10 14:00:00,1.0,0.92,0.08
2025-12-10 15:00:00,1.1,1.08,0.02
2025-12-10 16:00:00,1.28,1.28,0.0
2025-12-10 17:00:00,1.44,1.42,0.02
2025-12-10 18:00:00,1.54,1.53,0.01
2025-12-10 19:00:00,1.62,1.58,0.03
2025-12-10 20:00:00,1.65,1.63,0.02
2025-12-10 21:00:00,1.65,1.6,0.05
2025-12-10 22:00:00,1.6,1.59,0.01
2025-12-10 23:00:00,1.53,1.52,0.01
2025-12-11 00:00:00,1.4,1.41,-0.01
2025-12-11 01:00:00,1.24,1.24,-0.0
2025-12-11 02:00:00,1.13,1.12,0.01
2025-12-11 03:00:00,1.07,1.12,-0.05
2025-12-11 04:00:00,1.06,1.04,0.02
2025-12-11 05:00:00,1.16,1.1,0.07
2025-12-11 06:00:00,1.51,1.4,0.11
2025-12-11 07:00:00,1.98,1.98,0.0
2025-12-11 08:00:00,2.21,2.23,-0.02
2025-12-11 09:00:00,2.01,2.03,-0.02
2025-12-11 10:00:00,1.57,1.52,0.06
2025-12-11 11:00:00,1.2,1.16,0.04
2025-12-11 12:00:00,0.96,0.92,0.04
2025-12-11 13:00:00,0.78,0.76,0.01
2025-12-11 14:00:00,0.7,0.64,0.06
2025-12-11 15:00:00,0.76,0.78,-0.02
2025-12-11 16:00:00,0.93,0.92,0.01
2025-12-11 17:00:00,1.14,1.12,0.02
2025-12-11 18:00:00,1.39,1.38,0.02
2025-12-11 19:00:00,1.68,1.66,0.02
2025-12-11 20:00:00,1.86,1.85,0.01
2025-12-11 21:00:00,1.86,1.81,0.05
2025-12-11 22:00:00,1.74,1.72,0.02
2025-12-11 23:00:00,1.61,1.61,-0.0
2025-12-12 00:00:00,1.46,1.47,-0.01
2025-12-12 01:00:00,1.3,1.32,-0.03
2025-12-12 02:00:00,1.17,1.17,0.0
2025-12-12 03:00:00,1.06,1.15,-0.09
2025-12-12 04:00:00,0.99,0.95,0.04
2025-12-12 05:00:00,1.08,0.99,0.08
2025-12-12 06:00:00,1.51,1.4,0.11
2025-12-12 07:00:00,2.1,2.12,-0.01
2025-12-12 08:00:00,2.44,2.44,0.0
2025-12-12 09:00:00,2.26,2.31,-0.05
2025-12-12 10:00:00,1.82,1.74,0.08
2025-12-12 11:00:00,1.44,1.39,0.06
2025-12-12 12:00:00,1.16,1.18,-0.01
2025-12-12 13:00:00,0.94,0.91,0.03
2025-12-12 14:00:00,0.95,0.81,0.14
2025-12-12 15:00:00,1.36,1.31,0.06
2025-12-12 16:00:00,2.02,2.02,-0.0
2025-12-12 17:00:00,2.55,2.47,0.09
2025-12-12 18:00:00,2.87,2.81,0.06
2025-12-12 19:00:00,3.08,2.98,0.1
2025-12-12 20:00:00,3.17,3.07,0.1
2025-12-12 21:00:00,3.1,3.01,0.09
2025-12-12 22:00:00,2.91,2.89,0.02
2025-12-12 23:00:00,2.68,2.72,-0.04
2025-12-13 00:00:00,2.4,2.56,-0.17
2025-12-13 01:00:00,2.07,2.18,-0.11
2025-12-13 02:00:00,1.87,1.83,0.04
2025-12-13 03:00:00,1.8,1.84,-0.04
2025-12-13 04:00:00,1.85,1.83,0.01
2025-12-13 05:00:00,2.09,1.94,0.15
2025-12-13 06:00:00,2.76,2.42,0.35
2025-12-13 07:00:00,3.17,3.18,-0.01
2025-12-13 08:00:00,3.17,2.98,0.19
2025-12-13 09:00:00,3.17,2.89,0.28
2025-12-13 10:00:00,2.37,2.87,-0.5
2025-12-13 11:00:00,1.54,1.48,0.06
2025-12-13 12:00:00,1.24,0.96,0.28
2025-12-13 13:00:00,1.18,1.51,-0.33
2025-12-13 14:00:00,1.22,1.07,0.15
2025-12-13 15:00:00,1.35,1.42,-0.07
2025-12-13 16:00:00,1.59,1.7,-0.11
2025-12-13 17:00:00,1.84,1.8,0.04
2025-12-13 18:00:00,2.11,2.12,-0.01
2025-12-13 19:00:00,2.4,2.39,0.01
2025-12-13 20:00:00,2.63,2.59,0.04
2025-12-13 21:00:00,2.76,2.67,0.09
2025-12-13 22:00:00,2.84,2.76,0.09
2025-12-13 23:00:00,2.89,2.8,0.09
2025-12-14 00:00:00,2.89,2.79,0.1
2025-12-14 01:00:00,2.86,2.76,0.1
2025-12-14 02:00:00,2.84,2.73,0.11
2025-12-14 03:00:00,2.81,2.77,0.04
2025-12-14 04:00:00,2.81,2.71,0.1
2025-12-14 05:00:00,3.01,2.75,0.26
2025-12-14 06:00:00,3.17,3.02,0.15
2025-12-14 07:00:00,3.17,3.01,0.15
2025-12-14 08:00:00,3.17,2.97,0.2
2025-12-14 09:00:00,3.17,2.97,0.2
2025-12-14 10:00:00,2.76,2.95,-0.19
2025-12-14 11:00:00,1.65,2.17,-0.52
2025-12-14 12:00:00,1.3,0.69,0.61
2025-12-14 13:00:00,1.3,1.8,-0.5
2025-12-14 14:00:00,1.41,1.34,0.07
2025-12-14 15:00:00,1.59,1.48,0.11
2025-12-14 16:00:00,1.89,2.09,-0.19
2025-12-14 17:00:00,2.2,2.2,-0.01
2025-12-14 18:00:00,2.5,2.5,-0.0
2025-12-14 19:00:00,2.81,2.79,0.02
2025-12-14 20:00:00,3.07,2.95,0.12
2025-12-14 21:00:00,3.17,3.03,0.14
2025-12-14 22:00:00,3.17,3.0,0.16
2025-12-14 23:00:00,3.17,3.04,0.13
2025-12-15 00:00:00,3.17,3.05,0.12
2025-12-15 01:00:00,2.95,3.03,-0.07
2025-12-15 02:00:00,2.68,2.66,0.02
2025-12-15 03:00:00,2.46,2.49,-0.03
2025-12-15 04:00:00,2.27,2.29,-0.03
2025-12-15 05:00:00,2.21,2.11,0.1
2025-12-15 06:00:00,2.44,2.21,0.23
2025-12-15 07:00:00,2.8,2.7,0.1
2025-12-15 08:00:00,2.94,2.9,0.04
2025-12-15 09:00:00,2.62,2.71,-0.1
2025-12-15 10:00:00,2.07,2.03,0.04
2025-12-15 11:00:00,1.6,1.53,0.07
2025-12-15 12:00:00,1.3,1.28,0.02
2025-12-15 13:00:00,1.08,1.11,-0.03
2025-12-15 14:00:00,0.98,0.96,0.01
2025-12-15 15:00:00,1.03,1.08,-0.04
2025-12-15 16:00:00,1.2,1.24,-0.04
2025-12-15 17:00:00,1.37,1.39,-0.02
2025-12-15 18:00:00,1.54,1.53,0.01
2025-12-15 19:00:00,1.71,1.72,-0.01
2025-12-15 20:00:00,1.77,1.79,-0.02
2025-12-15 21:00:00,1.62,1.61,0.01
2025-12-15 22:00:00,1.36,1.34,0.02
2025-12-15 23:00:00,1.14,1.13,0.01
2025-12-16 00:00:00,1.0,0.99,0.01
2025-12-16 01:00:00,0.89,0.89,0.0
2025-12-16 02:00:00,0.84,0.81,0.03
2025-12-16 03:00:00,0.82,0.87,-0.04
2025-12-16 04:00:00,0.86,0.84,0.02
2025-12-16 05:00:00,0.96,0.92,0.04
2025-12-16 06:00:00,1.18,1.14,0.04
2025-12-16 07:00:00,1.47,1.46,0.0
2025-12-16 08:00:00,1.62,1.6,0.02
2025-12-16 09:00:00,1.53,1.48,0.05
2025-12-16 10:00:00,1.31,1.26,0.05
2025-12-16 11:00:00,1.11,1.07,0.04
2025-12-16 12:00:00,0.97,0.92,0.05
2025-12-16 13:00:00,0.87,0.82,0.04
2025-12-16 14:00:00,0.83,0.76,0.07
2025-12-16 15:00:00,0.91,0.89,0.02
2025-12-16 16:00:00,1.06,1.07,-0.01
2025-12-16 17:00:00,1.19,1.19,0.0
2025-12-16 18:00:00,1.27,1.27,0.0
2025-12-16 19:00:00,1.32,1.31,0.01
2025-12-16 20:00:00,1.34,1.33,0.02
2025-12-16 21:00:00,1.35,1.3,0.05
2025-12-16 22:00:00,1.33,1.3,0.02
2025-12-16 23:00:00,1.29,1.28,0.01
2025-12-17 00:00:00,1.24,1.24,-0.0
2025-12-17 01:00:00,1.17,1.16,0.01
2025-12-17 02:00:00,1.12,1.11,0.01
2025-12-17 03:00:00,1.09,1.12,-0.03
2025-12-17 04:00:00,1.07,1.04,0.03
2025-12-17 05:00:00,1.13,1.09,0.04
2025-12-17 06:00:00,1.36,1.3,0.06
2025-12-17 07:00:00,1.66,1.65,0.01
2025-12-17 08:00:00,1.82,1.8,0.02
2025-12-17 09:00:00,1.73,1.68,0.04
2025-12-17 10:00:00,1.5,1.43,0.07
2025-12-17 11:00:00,1.29,1.27,0.02
2025-12-17 12:00:00,1.14,1.11,0.03
2025-12-17 13:00:00,1.0,0.97,0.04
2025-12-17 14:00:00,0.95,0.89,0.06
2025-12-17 15:00:00,1.05,1.03,0.01
2025-12-17 16:00:00,1.22,1.24,-0.02
2025-12-17 17:00:00,1.36,1.37,-0.0
2025-12-17 18:00:00,1.42,1.43,-0.01
2025-12-17 19:00:00,1.43,1.42,0.02
2025-12-17 20:00:00,1.43,1.42,0.01
2025-12-17 21:00:00,1.42,1.38,0.04
2025-12-17 22:00:00,1.39,1.38,0.01
2025-12-17 23:00:00,1.35,1.36,-0.0
2025-12-18 00:00:00,1.3,1.31,-0.01
2025-12-18 01:00:00,1.25,1.26,-0.01
2025-12-18 02:00:00,1.2,1.21,-0.01
2025-12-18 03:00:00,1.13,1.21,-0.07
2025-12-18 04:00:00,1.08,1.04,0.04
2025-12-18 05:00:00,1.15,1.09,0.06
2025-12-18 06:00:00,1.49,1.39,0.1
2025-12-18 07:00:00,1.95,1.96,-0.01
2025-12-18 08:00:00,2.21,2.23,-0.02
2025-12-18 09:00:00,2.06,2.07,-0.01
2025-12-18 10:00:00,1.71,1.62,0.08
2025-12-18 11:00:00,1.4,1.36,0.04
2025-12-18 12:00:00,1.23,1.19,0.04
2025-12-18 13:00:00,1.1,1.11,-0.01
2025-12-18 14:00:00,1.05,1.02,0.02
2025-12-18 15:00:00,1.09,1.13,-0.03
2025-12-18 16:00:00,1.21,1.23,-0.02
2025-12-18 17:00:00,1.33,1.34,-0.0
2025-12-18 18:00:00,1.46,1.49,-0.03
2025-12-18 19:00:00,1.59,1.59,0.01
2025-12-18 20:00:00,1.69,1.68,0.01
2025-12-18 21:00:00,1.74,1.69,0.05
2025-12-18 22:00:00,1.76,1.73,0.03
2025-12-18 23:00:00,1.74,1.73,0.01
2025-12-19 00:00:00,1.66,1.63,0.03
2025-12-19 01:00:00,1.54,1.5,0.04
2025-12-19 02:00:00,1.46,1.41,0.04
2025-12-19 03:00:00,1.41,1.41,-0.0
2025-12-19 04:00:00,1.39,1.35,0.04
2025-12-19 05:00:00,1.45,1.39,0.06
2025-12-19 06:00:00,1.69,1.58,0.1
2025-12-19 07:00:00,2.0,1.98,0.02
2025-12-19 08:00:00,2.18,2.17,0.01
2025-12-19 09:00:00,2.08,2.07,0.01
2025-12-19 10:00:00,1.85,1.79,0.06
2025-12-19 11:00:00,1.61,1.58,0.03
2025-12-19 12:00:00,1.36,1.39,-0.03
2025-12-19 13:00:00,1.11,1.1,0.01
2025-12-19 14:00:00,0.98,0.92,0.07
2025-12-19 15:00:00,1.08,1.08,-0.01
2025-12-19 16:00:00,1.29,1.34,-0.04
2025-12-19 17:00:00,1.48,1.47,0.01
2025-12-19 18:00:00,1.59,1.64,-0.05
2025-12-19 19:00:00,1.67,1.66,0.01
2025-12-19 20:00:00,1.7,1.68,0.02
2025-12-19 21:00:00,1.68,1.64,0.04
2025-12-19 22:00:00,1.61,1.58,0.03
2025-12-19 23:00:00,1.53,1.53,-0.0
2025-12-20 00:00:00,1.45,1.45,-0.0
2025-12-20 01:00:00,1.36,1.36,0.0
2025-12-20 02:00:00,1.3,1.29,0.01
2025-12-20 03:00:00,1.22,1.3,-0.08
2025-12-20 04:00:00,1.18,1.14,0.04
2025-12-20 05:00:00,1.31,1.22,0.1
2025-12-20 06:00:00,1.83,1.65,0.18
2025-12-20 07:00:00,2.53,2.46,0.07
2025-12-20 08:00:00,2.92,2.84,0.09
2025-12-20 09:00:00,2.72,2.82,-0.1
2025-12-20 10:00:00,2.22,2.18,0.04
2025-12-20 11:00:00,1.8,1.66,0.14
2025-12-20 12:00:00,1.58,1.53,0.05
2025-12-20 13:00:00,1.43,1.44,-0.01
2025-12-20 14:00:00,1.4,1.38,0.03
2025-12-20 15:00:00,1.57,1.57,-0.0
2025-12-20 16:00:00,1.86,1.9,-0.04
2025-12-20 17:00:00,2.04,2.12,-0.08
2025-12-20 18:00:00,1.99,2.15,-0.16
2025-12-20 19:00:00,1.84,1.85,-0.01
2025-12-20 20:00:00,1.72,1.67,0.05
2025-12-20 21:00:00,1.68,1.62,0.06
2025-12-20 22:00:00,1.68,1.66,0.01
2025-12-20 23:00:00,1.66,1.63,0.03
2025-12-21 00:00:00,1.62,1.59,0.02
2025-12-21 01:00:00,1.56,1.5,0.06
2025-12-21 02:00:00,1.53,1.5,0.03
2025-12-21 03:00:00,1.52,1.5,0.02
2025-12-21 04:00:00,1.54,1.51,0.03
2025-12-21 05:00:00,1.58,1.54,0.03
2025-12-21 06:00:00,1.68,1.62,0.06
2025-12-21 07:00:00,1.8,1.8,0.0
2025-12-21 08:00:00,1.85,1.86,-0.02
2025-12-21 09:00:00,1.77,1.77,-0.01
2025-12-21 10:00:00,1.61,1.57,0.04
2025-12-21 11:00:00,1.46,1.44,0.02
2025-12-21 12:00:00,1.31,1.34,-0.03
2025-12-21 13:00:00,1.17,1.18,-0.01
2025-12-21 14:00:00,1.12,1.1,0.02
2025-12-21 15:00:00,1.18,1.24,-0.06
2025-12-21 16:00:00,1.33,1.33,0.0
2025-12-21 17:00:00,1.58,1.53,0.05
2025-12-21 18:00:00,2.02,1.98,0.04
2025-12-21 19:00:00,2.57,2.53,0.04
2025-12-21 20:00:00,2.93,2.81,0.12
2025-12-21 21:00:00,2.98,2.89,0.09
2025-12-21 22:00:00,2.85,2.78,0.06
2025-12-21 23:00:00,2.7,2.67,0.03
2025-12-22 00:00:00,2.56,2.54,0.03
2025-12-22 01:00:00,2.41,2.43,-0.02
2025-12-22 02:00:00,2.27,2.26,0.02
2025-12-22 03:00:00,2.15,2.19,-0.04
2025-12-22 04:00:00,2.05,2.07,-0.03
2025-12-22 05:00:00,1.96,1.98,-0.01
2025-12-22 06:00:00,1.92,1.87,0.05
2025-12-22 07:00:00,1.9,1.9,0.0
2025-12-22 08:00:00,1.86,1.93,-0.07
2025-12-22 09:00:00,1.76,1.8,-0.04
2025-12-22 10:00:00,1.63,1.63,0.01
2025-12-22 11:00:00,1.55,1.51,0.05
2025-12-22 12:00:00,1.53,1.53,0.01
2025-12-22 13:00:00,1.56,1.55,0.01
2025-12-22 14:00:00,1.63,1.58,0.05
2025-12-22 15:00:00,1.78,1.72,0.06
2025-12-22 16:00:00,1.97,1.96,0.01
2025-12-22 17:00:00,2.14,2.17,-0.02
2025-12-22 18:00:00,2.24,2.34,-0.09
2025-12-22 19:00:00,2.32,2.4,-0.08
2025-12-22 20:00:00,2.4,2.45,-0.05
2025-12-22 21:00:00,2.55,2.52,0.03
2025-12-22 22:00:00,2.71,2.69,0.02
2025-12-22 23:00:00,2.74,2.79,-0.05
2025-12-23 00:00:00,2.54,2.66,-0.13
2025-12-23 01:00:00,2.2,2.22,-0.02
2025-12-23 02:00:00,1.92,1.87,0.06
2025-12-23 03:00:00,1.76,1.72,0.04
2025-12-23 04:00:00,1.66,1.64,0.02
2025-12-23 05:00:00,1.64,1.57,0.07
2025-12-23 06:00:00,1.79,1.7,0.09
2025-12-23 07:00:00,2.03,2.0,0.02
2025-12-23 08:00:00,2.14,2.13,0.01
2025-12-23 09:00:00,2.02,1.99,0.04
2025-12-23 10:00:00,1.79,1.73,0.05
2025-12-23 11:00:00,1.53,1.52,0.02
2025-12-23 12:00:00,1.26,1.28,-0.02
2025-12-23 13:00:00,0.97,0.97,-0.0
2025-12-23 14:00:00,0.78,0.75,0.02
2025-12-23 15:00:00,0.76,0.77,-0.0
2025-12-23 16:00:00,0.85,0.88,-0.04
2025-12-23 17:00:00,0.92,0.93,-0.01
2025-12-23 18:00:00,0.95,1.0,-0.05
2025-12-23 19:00:00,0.97,0.98,-0.0
2025-12-23 20:00:00,0.98,0.98,-0.0
2025-12-23 21:00:00,0.98,0.94,0.04
2025-12-23 22:00:00,0.96,0.95,0.0
2025-12-23 23:00:00,0.92,0.92,-0.0
2025-12-24 00:00:00,0.83,0.81,0.01
2025-12-24 01:00:00,0.71,0.7,0.01
2025-12-24 02:00:00,0.63,0.62,0.01
2025-12-24 03:00:00,0.58,0.6,-0.02
2025-12-24 04:00:00,0.57,0.55,0.02
2025-12-24 05:00:00,0.63,0.59,0.04
2025-12-24 06:00:00,0.83,0.78,0.05
2025-12-24 07:00:00,1.1,1.15,-0.04
2025-12-24 08:00:00,1.25,1.27,-0.01
2025-12-24 09:00:00,1.18,1.17,0.0
2025-12-24 10:00:00,0.98,0.94,0.04
2025-12-24 11:00:00,0.79,0.77,0.03
2025-12-24 12:00:00,0.65,0.63,0.02
2025-12-24 13:00:00,0.52,0.5,0.01
2025-12-24 14:00:00,0.45,0.43,0.02
2025-12-24 15:00:00,0.48,0.48,-0.0
2025-12-24 16:00:00,0.58,0.55,0.03
2025-12-24 17:00:00,0.71,0.66,0.05
2025-12-24 18:00:00,0.91,0.88,0.03
2025-12-24 19:00:00,1.14,1.17,-0.03
2025-12-24 20:00:00,1.29,1.31,-0.02
2025-12-24 21:00:00,1.28,1.28,0.0
2025-12-24 22:00:00,1.18,1.18,0.01
2025-12-24 23:00:00,1.08,1.09,-0.01
2025-12-25 00:00:00,0.99,0.97,0.02
2025-12-25 01:00:00,0.89,0.87,0.02
2025-12-25 02:00:00,0.82,0.79,0.03
2025-12-25 03:00:00,0.77,0.8,-0.03
2025-12-25 04:00:00,0.76,0.72,0.04
2025-12-25 05:00:00,0.83,0.77,0.07
2025-12-25 06:00:00,1.09,1.02,0.07
2025-12-25 07:00:00,1.44,1.44,-0.0
2025-12-25 08:00:00,1.63,1.61,0.02
2025-12-25 09:00:00,1.52,1.5,0.03
2025-12-25 10:00:00,1.26,1.22,0.04
2025-12-25 11:00:00,1.02,0.99,0.02
2025-12-25 12:00:00,0.84,0.82,0.02
2025-12-25 13:00:00,0.68,0.66,0.02
2025-12-25 14:00:00,0.62,0.57,0.06
2025-12-25 15:00:00,0.72,0.72,0.01
2025-12-25 16:00:00,0.92,0.93,-0.01
2025-12-25 17:00:00,1.14,1.13,0.01
2025-12-25 18:00:00,1.36,1.38,-0.03
2025-12-25 19:00:00,1.59,1.57,0.02
2025-12-25 20:00:00,1.8,1.76,0.04
2025-12-25 21:00:00,1.96,1.89,0.07
2025-12-25 22:00:00,2.09,2.06,0.04
2025-12-25 23:00:00,2.2,2.19,0.01
2025-12-26 00:00:00,2.27,2.24,0.03
2025-12-26 01:00:00,2.31,2.31,0.0
2025-12-26 02:00:00,2.33,2.3,0.03
2025-12-26 03:00:00,2.23,2.29,-0.06
2025-12-26 04:00:00,2.1,2.04,0.07
2025-12-26 05:00:00,2.2,2.01,0.19
2025-12-26 06:00:00,2.83,2.43,0.4
2025-12-26 07:00:00,3.17,3.18,-0.01
2025-12-26 08:00:00,3.17,2.92,0.25
2025-12-26 09:00:00,3.17,2.93,0.24
2025-12-26 10:00:00,2.65,2.88,-0.23
2025-12-26 11:00:00,1.84,2.02,-0.18
2025-12-26 12:00:00,1.37,1.12,0.26
2025-12-26 13:00:00,1.05,1.34,-0.29
2025-12-26 14:00:00,0.87,0.84,0.03
2025-12-26 15:00:00,0.86,0.83,0.03
2025-12-26 16:00:00,0.99,1.2,-0.21
2025-12-26 17:00:00,1.2,1.17,0.03
2025-12-26 18:00:00,1.53,1.46,0.07
2025-12-26 19:00:00,1.93,1.99,-0.05
2025-12-26 20:00:00,2.21,2.22,-0.01
2025-12-26 21:00:00,2.25,2.21,0.04
2025-12-26 22:00:00,2.17,2.13,0.04
2025-12-26 23:00:00,2.07,2.07,0.0
2025-12-27 00:00:00,1.98,1.95,0.03
2025-12-27 01:00:00,1.88,1.86,0.02
2025-12-27 02:00:00,1.79,1.76,0.02
2025-12-27 03:00:00,1.67,1.73,-0.06
2025-12-27 04:00:00,1.57,1.53,0.04
2025-12-27 05:00:00,1.61,1.52,0.09
2025-12-27 06:00:00,1.97,1.82,0.15
2025-12-27 07:00:00,2.48,2.45,0.03
2025-12-27 08:00:00,2.73,2.71,0.01
2025-12-27 09:00:00,2.49,2.61,-0.12
2025-12-27 10:00:00,2.0,1.97,0.03
2025-12-27 11:00:00,1.58,1.51,0.07
2025-12-27 12:00:00,1.35,1.33,0.02
2025-12-27 13:00:00,1.2,1.25,-0.05
2025-12-27 14:00:00,1.12,1.12,0.0
2025-12-27 15:00:00,1.1,1.21,-0.11
2025-12-27 16:00:00,1.15,1.16,-0.02
2025-12-27 17:00:00,1.29,1.27,0.02
2025-12-27 18:00:00,1.62,1.62,-0.0
2025-12-27 19:00:00,2.05,2.07,-0.03
2025-12-27 20:00:00,2.34,2.37,-0.03
2025-12-27 21:00:00,2.41,2.44,-0.03
2025-12-27 22:00:00,2.35,2.39,-0.04
2025-12-27 23:00:00,2.22,2.32,-0.1
2025-12-28 00:00:00,1.97,2.09,-0.12
2025-12-28 01:00:00,1.66,1.7,-0.04
2025-12-28 02:00:00,1.43,1.42,0.01
2025-12-28 03:00:00,1.32,1.39,-0.07
2025-12-28 04:00:00,1.29,1.28,0.01
2025-12-28 05:00:00,1.39,1.31,0.08
2025-12-28 06:00:00,1.76,1.61,0.15
2025-12-28 07:00:00,2.27,2.25,0.02
2025-12-28 08:00:00,2.55,2.55,0.0
2025-12-28 09:00:00,2.4,2.47,-0.07
2025-12-28 10:00:00,2.03,1.98,0.05
2025-12-28 11:00:00,1.67,1.61,0.06
2025-12-28 12:00:00,1.38,1.4,-0.03
2025-12-28 13:00:00,1.1,1.13,-0.03
2025-12-28 14:00:00,0.96,0.91,0.05
2025-12-28 15:00:00,1.02,1.09,-0.07
2025-12-28 16:00:00,1.21,1.26,-0.05
2025-12-28 17:00:00,1.45,1.42,0.03
2025-12-28 18:00:00,1.73,1.79,-0.06
2025-12-28 19:00:00,2.05,2.03,0.03
2025-12-28 20:00:00,2.35,2.29,0.06
2025-12-28 21:00:00,2.6,2.48,0.12
2025-12-28 22:00:00,2.83,2.71,0.12
2025-12-28 23:00:00,2.95,2.84,0.11
2025-12-29 00:00:00,2.9,2.82,0.08
2025-12-29 01:00:00,2.74,2.7,0.04
2025-12-29 02:00:00,2.56,2.54,0.01
2025-12-29 03:00:00,2.35,2.39,-0.05
2025-12-29 04:00:00,2.12,2.16,-0.05
2025-12-29 05:00:00,1.95,1.95,0.0
2025-12-29 06:00:00,1.9,1.98,-0.07
2025-12-29 07:00:00,1.92,2.03,-0.11
2025-12-29 08:00:00,1.92,1.96,-0.04
2025-12-29 09:00:00,1.86,1.9,-0.04
2025-12-29 10:00:00,1.78,1.8,-0.02
2025-12-29 11:00:00,1.65,1.7,-0.05
2025-12-29 12:00:00,1.4,1.5,-0.1
2025-12-29 13:00:00,1.09,1.1,-0.0
2025-12-29 14:00:00,0.93,0.88,0.05
2025-12-29 15:00:00,1.0,1.03,-0.03
2025-12-29 16:00:00,1.2,1.25,-0.05
2025-12-29 17:00:00,1.49,1.45,0.04
2025-12-29 18:00:00,1.89,1.87,0.02
2025-12-29 19:00:00,2.38,2.36,0.02
2025-12-29 20:00:00,2.73,2.64,0.09
2025-12-29 21:00:00,2.87,2.74,0.13
2025-12-29 22:00:00,2.88,2.75,0.13
2025-12-29 23:00:00,2.83,2.73,0.1
2025-12-30 00:00:00,2.74,2.68,0.06
2025-12-30 01:00:00,2.59,2.58,0.01
2025-12-30 02:00:00,2.43,2.44,-0.01
2025-12-30 03:00:00,2.24,2.33,-0.09
2025-12-30 04:00:00,2.04,2.08,-0.04
2025-12-30 05:00:00,1.92,1.9,0.03
2025-12-30 06:00:00,1.97,1.91,0.06
2025-12-30 07:00:00,2.1,2.15,-0.05
2025-12-30 08:00:00,2.15,2.24,-0.1
2025-12-30 09:00:00,2.04,2.11,-0.07
2025-12-30 10:00:00,1.86,1.85,0.01
2025-12-30 11:00:00,1.65,1.66,-0.01
2025-12-30 12:00:00,1.37,1.44,-0.07
2025-12-30 13:00:00,1.06,1.09,-0.03
2025-12-30 14:00:00,0.88,0.85,0.03
2025-12-30 15:00:00,0.9,0.95,-0.04
2025-12-30 16:00:00,1.06,1.11,-0.05
2025-12-30 17:00:00,1.28,1.26,0.03
2025-12-30 18:00:00,1.6,1.58,0.02
2025-12-30 19:00:00,1.98,1.96,0.02
2025-12-30 20:00:00,2.3,2.26,0.04
2025-12-30 21:00:00,2.5,2.42,0.08
2025-12-30 22:00:00,2.65,2.53,0.12
2025-12-30 23:00:00,2.81,2.65,0.16
2025-12-31 00:00:00,3.05,2.79,0.26
2025-12-31 01:00:00,3.17,3.0,0.17
2025-12-31 02:00:00,3.17,2.97,0.2
2025-12-31 03:00:00,3.17,2.95,0.22
2025-12-31 04:00:00,3.17,2.95,0.22
2025-12-31 05:00:00,3.17,2.97,0.2
2025-12-31 06:00:00,3.17,2.96,0.21
2025-12-31 07:00:00,3.17,2.97,0.2
2025-12-31 08:00:00,3.17,2.96,0.2
2025-12-31 09:00:00,3.17,2.94,0.23
2025-12-31 10:00:00,3.01,2.9,0.1
2025-12-31 11:00:00,2.15,2.63,-0.48
2025-12-31 12:00:00,1.61,1.2,0.41
2025-12-31 13:00:00,1.21,1.59,-0.38
2025-12-31 14:00:00,0.97,0.9,0.07
2025-12-31 15:00:00,0.95,0.89,0.06
2025-12-31 16:00:00,1.09,1.36,-0.27
2025-12-31 17:00:00,1.25,1.2,0.05
2025-12-31 18:00:00,1.41,1.39,0.02
2025-12-31 19:00:00,1.6,1.65,-0.06
2025-12-31 20:00:00,1.7,1.69,0.01
2025-12-31 21:00:00,1.66,1.57,0.09
2025-12-31 22:00:00,1.53,1.5,0.04
2025-12-31 23:00:00,1.42,1.42,-0.01
